[
  {
    "id": 77,
    "name": "Angers",
    "code": "ANG",
    "country": "France"
  },
  {
    "id": 108,
    "name": "Auxerre",
    "code": "AUX",
    "country": "France"
  },
  {
    "id": 111,
    "name": "Le Havre",
    "code": "HAV",
    "country": "France"
  },
  {
    "id": 116,
    "name": "Lens",
    "code": "LEN",
    "country": "France"
  },
  {
    "id": 79,
    "name": "Lille",
    "code": "LIL",
    "country": "France"
  },
  {
    "id": 97,
    "name": "Lorient",
    "code": "LOR",
    "country": "France"
  },
  {
    "id": 80,
    "name": "Lyon",
    "code": "LYO",
    "country": "France"
  },
  {
    "id": 81,
    "name": "Marseille",
    "code": "MAR",
    "country": "France"
  },
  {
    "id": 112,
    "name": "Metz",
    "code": "MET",
    "country": "France"
  },
  {
    "id": 91,
    "name": "Monaco",
    "code": "MON",
    "country": "France"
  },
  {
    "id": 83,
    "name": "Nantes",
    "code": "NAN",
    "country": "France"
  },
  {
    "id": 84,
    "name": "Nice",
    "code": "NIC",
    "country": "France"
  },
  {
    "id": 114,
    "name": "Paris FC",
    "code": "PAR",
    "country": "France"
  },
  {
    "id": 85,
    "name": "Paris Saint Germain",
    "code": "PAR",
    "country": "France"
  },
  {
    "id": 94,
    "name": "Rennes",
    "code": "REN",
    "country": "France"
  },
  {
    "id": 106,
    "name": "Stade Brestois 29",
    "code": "BRE",
    "country": "France"
  },
  {
    "id": 95,
    "name": "Strasbourg",
    "code": "STR",
    "country": "France"
  },
  {
    "id": 96,
    "name": "Toulouse",
    "code": "TOU",
    "country": "France"
  }
]